BuyerEmail,address_id,FName,LName,RegistrationDate
user1@email.com,1,John,Smith,1/1/2023
user2@email.com,2,Alice,Johnson,1/5/2023
user3@email.com,3,Bob,Williams,1/10/2023
user4@email.com,4,Charlie,Brown,1/15/2023
user5@email.com,5,David,Davis,1/20/2023
user6@email.com,6,Eve,Miller,1/25/2023
user7@email.com,7,Frank,Wilson,1/30/2023
user8@email.com,8,Grace,Moore,2/4/2023
user9@email.com,9,Henry,Taylor,2/9/2023
user10@email.com,10,Ivy,Anderson,2/14/2023
user11@email.com,11,Jack,Thomas,2/19/2023
user12@email.com,12,Kelly,Jackson,2/24/2023
user13@email.com,13,Liam,White,3/1/2023
user14@email.com,14,Mia,Harris,3/6/2023
user15@email.com,15,Noah,Martin,3/11/2023
user16@email.com,16,Olivia,Thompson,3/16/2023
user17@email.com,17,Peter,Garcia,3/21/2023
user18@email.com,18,Quinn,Martinez,3/26/2023
user19@email.com,19,Rachel,Robinson,3/31/2023
user20@email.com,20,Sam,Clark,4/5/2023
user21@email.com,21,Tina,Rodriguez,4/10/2023
user22@email.com,22,Victor,Lewis,4/15/2023
user23@email.com,23,Wendy,Lee,4/20/2023
user24@email.com,24,Xavier,Walker,4/25/2023
user25@email.com,25,Yara,Hall,4/30/2023
user26@email.com,26,Zane,Allen,5/5/2023
user27@email.com,27,Adam,Young,5/10/2023
user28@email.com,28,Bella,Hernandez,5/15/2023
user29@email.com,29,Caleb,King,5/20/2023
user30@email.com,30,Diana,Wright,5/25/2023
user31@email.com,31,Ethan,Lopez,5/30/2023
user32@email.com,32,Fiona,Hill,6/4/2023
user33@email.com,33,George,Scott,6/9/2023
user34@email.com,34,Hannah,Green,6/14/2023
user35@email.com,35,Isaac,Adams,6/19/2023
user36@email.com,36,Jasmine,Baker,6/24/2023
user37@email.com,37,Kyle,Nelson,6/29/2023
user38@email.com,38,Laura,Carter,7/4/2023
user39@email.com,39,Miles,Mitchell,7/9/2023
user40@email.com,40,Nora,Perez,7/14/2023
user41@email.com,41,Owen,Roberts,7/19/2023
user42@email.com,42,Paige,Turner,7/24/2023
user43@email.com,43,Ryan,Phillips,7/29/2023
user44@email.com,44,Sophia,Campbell,8/3/2023
user45@email.com,45,Tyler,Parker,8/8/2023
user46@email.com,46,Ursula,Evans,8/13/2023
user47@email.com,47,Vincent,Edwards,8/18/2023
user48@email.com,48,Willa,Collins,8/23/2023
user49@email.com,49,Xander,Stewart,8/28/2023
user50@email.com,50,Yvonne,Sanchez,9/2/2023
user51@email.com,51,Arthur,Morris,9/7/2023
user52@email.com,52,Brenda,Rogers,9/12/2023
user53@email.com,53,Clive,Reed,9/17/2023
user54@email.com,54,Denise,Cook,9/22/2023
user55@email.com,55,Earl,Morgan,9/27/2023
user56@email.com,56,Faye,Bell,10/2/2023
user57@email.com,57,Gary,Murphy,10/7/2023
user58@email.com,58,Holly,Bailey,10/12/2023
user59@email.com,59,Ian,Rivera,10/17/2023
user60@email.com,60,June,Cooper,10/22/2023
user61@email.com,61,Kent,Perry,10/27/2023
user62@email.com,62,Lila,Price,11/1/2023
user63@email.com,63,Max,Howard,11/6/2023
user64@email.com,64,Nina,Ward,11/11/2023
user65@email.com,65,Oscar,Cox,11/16/2023
user66@email.com,66,Pam,Diaz,11/21/2023
user67@email.com,67,Ray,Foster,11/26/2023
user68@email.com,68,Sara,Gomez,12/1/2023
user69@email.com,69,Todd,Hayes,12/6/2023
user70@email.com,70,Una,Jenkins,12/11/2023
user71@email.com,71,Vance,King,12/16/2023
user72@email.com,72,Wanda,Long,12/21/2023
user73@email.com,73,Yuri,Barnes,12/26/2023
user74@email.com,74,Zoe,Fisher,12/31/2023
user75@email.com,75,Alvin,Ortiz,1/5/2024
user76@email.com,76,Betty,Peterson,1/10/2024
user77@email.com,77,Carl,Sanders,1/15/2024
user78@email.com,78,Dora,Shaw,1/20/2024
user79@email.com,79,Elliot,Tucker,1/25/2024
user80@email.com,80,Gina,Ruiz,1/30/2024
