credit_card_num,card_type,expire_month,expire_year,security_code,owner_email
4111111111110001,Visa,1,2025,101,user1@email.com
4111111111110002,Mastercard,2,2026,102,user2@email.com
4111111111110003,Amex,3,2027,103,user3@email.com
4111111111110004,Discover,4,2028,104,user4@email.com
4111111111110005,Visa,5,2025,105,user5@email.com
4111111111110006,Mastercard,6,2026,106,user6@email.com
4111111111110007,Amex,7,2027,107,user7@email.com
4111111111110008,Discover,8,2028,108,user8@email.com
4111111111110009,Visa,9,2025,109,user9@email.com
4111111111110010,Mastercard,10,2026,110,user10@email.com
4111111111110011,Amex,11,2027,111,user11@email.com
4111111111110012,Discover,12,2028,112,user12@email.com
4111111111110013,Visa,1,2025,113,user13@email.com
4111111111110014,Mastercard,2,2026,114,user14@email.com
4111111111110015,Amex,3,2027,115,user15@email.com
4111111111110016,Discover,4,2028,116,user16@email.com
4111111111110017,Visa,5,2025,117,user17@email.com
4111111111110018,Mastercard,6,2026,118,user18@email.com
4111111111110019,Amex,7,2027,119,user19@email.com
4111111111110020,Discover,8,2028,120,user20@email.com
4111111111110021,Visa,9,2025,121,user21@email.com
4111111111110022,Mastercard,10,2026,122,user22@email.com
4111111111110023,Amex,11,2027,123,user23@email.com
4111111111110024,Discover,12,2028,124,user24@email.com
4111111111110025,Visa,1,2025,125,user25@email.com
4111111111110026,Mastercard,2,2026,126,user26@email.com
4111111111110027,Amex,3,2027,127,user27@email.com
4111111111110028,Discover,4,2028,128,user28@email.com
4111111111110029,Visa,5,2025,129,user29@email.com
4111111111110030,Mastercard,6,2026,130,user30@email.com
4111111111110031,Amex,7,2027,131,user31@email.com
4111111111110032,Discover,8,2028,132,user32@email.com
4111111111110033,Visa,9,2025,133,user33@email.com
4111111111110034,Mastercard,10,2026,134,user34@email.com
4111111111110035,Amex,11,2027,135,user35@email.com
4111111111110036,Discover,12,2028,136,user36@email.com
4111111111110037,Visa,1,2025,137,user37@email.com
4111111111110038,Mastercard,2,2026,138,user38@email.com
4111111111110039,Amex,3,2027,139,user39@email.com
4111111111110040,Discover,4,2028,140,user40@email.com
4111111111110041,Visa,5,2025,141,user41@email.com
4111111111110042,Mastercard,6,2026,142,user42@email.com
4111111111110043,Amex,7,2027,143,user43@email.com
4111111111110044,Discover,8,2028,144,user44@email.com
4111111111110045,Visa,9,2025,145,user45@email.com
4111111111110046,Mastercard,10,2026,146,user46@email.com
4111111111110047,Amex,11,2027,147,user47@email.com
4111111111110048,Discover,12,2028,148,user48@email.com
4111111111110049,Visa,1,2025,149,user49@email.com
4111111111110050,Mastercard,2,2026,150,user50@email.com
4111111111110051,Amex,3,2027,151,user51@email.com
4111111111110052,Discover,4,2028,152,user52@email.com
4111111111110053,Visa,5,2025,153,user53@email.com
4111111111110054,Mastercard,6,2026,154,user54@email.com
4111111111110055,Amex,7,2027,155,user55@email.com
4111111111110056,Discover,8,2028,156,user56@email.com
4111111111110057,Visa,9,2025,157,user57@email.com
4111111111110058,Mastercard,10,2026,158,user58@email.com
4111111111110059,Amex,11,2027,159,user59@email.com
4111111111110060,Discover,12,2028,160,user60@email.com
4111111111110061,Visa,1,2025,161,user61@email.com
4111111111110062,Mastercard,2,2026,162,user62@email.com
4111111111110063,Amex,3,2027,163,user63@email.com
4111111111110064,Discover,4,2028,164,user64@email.com
4111111111110065,Visa,5,2025,165,user65@email.com
4111111111110066,Mastercard,6,2026,166,user66@email.com
4111111111110067,Amex,7,2027,167,user67@email.com
4111111111110068,Discover,8,2028,168,user68@email.com
4111111111110069,Visa,9,2025,169,user69@email.com
4111111111110070,Mastercard,10,2026,170,user70@email.com
4111111111110071,Amex,11,2027,171,user71@email.com
4111111111110072,Discover,12,2028,172,user72@email.com
4111111111110073,Visa,1,2025,173,user73@email.com
4111111111110074,Mastercard,2,2026,174,user74@email.com
4111111111110075,Amex,3,2027,175,user75@email.com
4111111111110076,Discover,4,2028,176,user76@email.com
4111111111110077,Visa,5,2025,177,user77@email.com
4111111111110078,Mastercard,6,2026,178,user78@email.com
4111111111110079,Amex,7,2027,179,user79@email.com
4111111111110080,Discover,8,2028,180,user80@email.com
4111111111110081,Visa,9,2025,181,seller81@biz.com
4111111111110082,Mastercard,10,2026,182,seller82@biz.com
4111111111110083,Amex,11,2027,183,seller83@biz.com
4111111111110084,Discover,12,2028,184,seller84@biz.com
4111111111110085,Visa,1,2025,185,seller85@biz.com
4111111111110086,Mastercard,2,2026,186,hd91@support.com
4111111111110087,Amex,3,2027,187,hd92@support.com
4111111111110088,Discover,4,2028,188,hd93@support.com
4111111111110089,Visa,5,2025,189,gen97@email.com
4111111111110090,Mastercard,6,2026,190,gen98@email.com
4111111111110091,Amex,7,2027,191,gen99@email.com
4111111111110092,Discover,8,2028,192,gen100@email.com
4111111111110093,Visa,9,2025,193,user1@email.com
4111111111110094,Mastercard,10,2026,194,user2@email.com
4111111111110095,Amex,11,2027,195,user3@email.com
4111111111110096,Discover,12,2028,196,user4@email.com
4111111111110097,Visa,1,2025,197,user5@email.com
4111111111110098,Mastercard,2,2026,198,user6@email.com
4111111111110099,Amex,3,2027,199,user7@email.com
4111111111110100,Discover,4,2028,200,user8@email.com
